{"iter": 2000, "train/loss": 1.7639758586883545, "val/loss": 1.892534613609314, "lr": 0.0001, "mfu": 0.019395386230533922, "_timestamp": 1694641468.464444, "_runtime": 154.07886481285095, "_step": 8, "_wandb": {"runtime": 152}}