{"iter": 2000, "train/loss": 1.7639758586883545, "val/loss": 1.892534613609314, "lr": 0.0001, "mfu": 0.021658664785552128, "_timestamp": 1694644100.2737548, "_runtime": 125.74456286430359, "_step": 8, "_wandb": {"runtime": 123}}