{"iter": 0, "train/loss": 4.167646884918213, "val/loss": 4.164898872375488, "lr": 0.0, "mfu": -100.0, "_timestamp": 1694641913.4504802, "_runtime": 2.1763103008270264, "_step": 0, "_wandb": {"runtime": 12}}